{"Greg Kirczenow": [[0.4648832678794861, "Pawan Lingras"], [0.6197134852409363, "Nikita Neveditsin"], [0.6474342136045815, "Ethan Cooke"], [0.676569859777084, "Louise Fear"], [0.6779929995536804, "SicongFu"]], "Nikita Neveditsin": [[0.19991583823655934, "Ethan Cooke"], [0.3791555988285291, "Louise Fear"], [0.40118497610092163, "Sudeep Raj Badal"], [0.44181209802627563, "Mohammed Abdul Thoufiq"], [0.4604836702346802, "Sukanta Dey Amit"]], "Pawan Lingras": [[0.4088812118101832, "Ethan Cooke"], [0.4561038017272949, "Sudeep Raj Badal"], [0.4637678861618042, "Nikita Neveditsin"], [0.4648084321503887, "Louise Fear"], [0.4648832678794861, "Greg Kirczenow"]], "Somto Muotoe": [[0.36476129574429395, "Ethan Cooke"], [0.3690715840182177, "Sukanta Dey Amit"], [0.3764180579559234, "Louise Fear"], [0.3867930769920349, "Sai Vishnu Teja Reddy Pulim"], [0.4094493213131819, "Kedar Gaikwad"]], "Mohamed Drira": [[0.4747529908867464, "Ethan Cooke"], [0.5269061923027039, "Nikita Neveditsin"], [0.5963413119316101, "Sukanta Dey Amit"], [0.596463143825531, "Sudeep Raj Badal"], [0.611296534538269, "Pawan Lingras"]], "Ethan Cooke": [[0.19991583823655934, "Nikita Neveditsin"], [0.2591257404238816, "Louise Fear"], [0.27644981601535046, "Sudeep Raj Badal"], [0.28027452708926825, "Mohammed Abdul Thoufiq"], [0.34982748924657525, "Sukanta Dey Amit"]], "Sudeep Raj Badal": [[0.22725470228521105, "Louise Fear"], [0.2730896472930908, "Sukanta Dey Amit"], [0.27644981601535046, "Ethan Cooke"], [0.319277822971344, "Mohammed Abdul Thoufiq"], [0.3292961520376103, "Sai Vishnu Teja Reddy Pulim"]], "Justin Kaiser": [[0.4732399864935858, "Kedar Gaikwad"], [0.48300142434251914, "Somto Muotoe"], [0.5200232887295795, "Ethan Cooke"], [0.5443858232728129, "Sukanta Dey Amit"], [0.5548001262426443, "Mohammed Abdul Thoufiq"]], "Yaxuan Zhang": [[0.4607335329055786, "Somto Muotoe"], [0.5305573307803442, "Sai Vishnu Teja Reddy Pulim"], [0.5562537807964407, "Karthikeya Kanumuri"], [0.5709494906097947, "Sukanta Dey Amit"], [0.5957756283416962, "Max Zhao"]], "Sai Vishnu Teja Reddy Pulim": [[0.27723692195195293, "Sukanta Dey Amit"], [0.3263900292414267, "Karthikeya Kanumuri"], [0.3292961520376103, "Sudeep Raj Badal"], [0.34862029552459717, "Louise Fear"], [0.35966306924819946, "Ethan Cooke"]], "Max Zhao": [[0.3796529400141788, "Anuja Gamage"], [0.41807348512726783, "Karthikeya Kanumuri"], [0.43993447541995245, "Somto Muotoe"], [0.4645222744630402, "Sai Vishnu Teja Reddy Pulim"], [0.4807181799625806, "Sriram Ramesh"]], "Karthikeya Kanumuri": [[0.27121135339601077, "Sukanta Dey Amit"], [0.3263900292414267, "Sai Vishnu Teja Reddy Pulim"], [0.33971246007531886, "Mohammed Abdul Thoufiq"], [0.40688760198502094, "Sudeep Raj Badal"], [0.4162016858934341, "Somto Muotoe"]], "Mohammed Abdul Thoufiq": [[0.2502395510673523, "Sukanta Dey Amit"], [0.28027452708926825, "Ethan Cooke"], [0.319277822971344, "Sudeep Raj Badal"], [0.33971246007531886, "Karthikeya Kanumuri"], [0.3556488964348362, "Louise Fear"]], "SicongFu": [[0.5661807656288147, "Max Zhao"], [0.5933838486671448, "Mohammed Abdul Thoufiq"], [0.6334156692028046, "Sukanta Dey Amit"], [0.6363969932912883, "Somto Muotoe"], [0.6456722809574686, "Sriram Ramesh"]], "Louise Fear": [[0.22725470228521105, "Sudeep Raj Badal"], [0.2591257404238816, "Ethan Cooke"], [0.29400439822699886, "Sukanta Dey Amit"], [0.34862029552459717, "Sai Vishnu Teja Reddy Pulim"], [0.3556488964348362, "Mohammed Abdul Thoufiq"]], "Sukanta Dey Amit": [[0.2502395510673523, "Mohammed Abdul Thoufiq"], [0.27121135339601077, "Karthikeya Kanumuri"], [0.2730896472930908, "Sudeep Raj Badal"], [0.27723692195195293, "Sai Vishnu Teja Reddy Pulim"], [0.29400439822699886, "Louise Fear"]], "Kedar Gaikwad": [[0.4094493213131819, "Somto Muotoe"], [0.4361651539802551, "Sukanta Dey Amit"], [0.4489981532096863, "Mohammed Abdul Thoufiq"], [0.4584670389612284, "Sai Vishnu Teja Reddy Pulim"], [0.4732399864935858, "Justin Kaiser"]], "Anuja Gamage": [[0.3796529400141788, "Max Zhao"], [0.5223315527139483, "Sriram Ramesh"], [0.5572605465209801, "Kedar Gaikwad"], [0.5834429785707259, "Somto Muotoe"], [0.6013473272323608, "Sai Vishnu Teja Reddy Pulim"]], "Sriram Ramesh": [[0.40761540554807774, "Mohammed Abdul Thoufiq"], [0.41700979572592844, "Somto Muotoe"], [0.4279537881571438, "Ethan Cooke"], [0.4286147356033325, "Sai Vishnu Teja Reddy Pulim"], [0.4333694318908782, "Karthikeya Kanumuri"]]}